sl_no.,%_of_deployment-_angle_(deg),mach,velocity_m_s,area_m2,altitude_m,pressure_pa,density_kg_m3,drag_force_n,cd,deployment_pct,deployment_angle_deg,synthetic
1.0,0%- 0 deg,0.1,34.3,0.013993,60.0,100605.0,1.2163,2.968546,0.296506349,0.0,0.0,False
,,0.10091415123926327,34.6135538750673,0.013993,60.0,100605.0,1.1783520199473905,2.994686300597558,0.3031817553251377,0.0,0.0,True
,,0.10282169414917362,35.26784109316655,0.013993,60.0,100605.0,1.14510867700121,2.839312076715446,0.284923214260329,0.0,0.0,True
,,0.12239021520623486,41.979843815738555,0.013993,135.24999999999997,99728.75,1.1976276348405028,4.397593683370898,0.29780419840201394,0.0,0.0,True
,,0.125,42.875,0.013993,135.24999999999997,99728.75,1.205725,,0.29565334875,0.0,0.0,True
,,0.12701793288876473,43.5671509808463,0.013993,135.24999999999997,99728.75,1.2541010299928919,4.901136275007006,0.29428294510586617,0.0,0.0,True
,,0.15,51.449999999999996,0.013993,210.49999999999997,98852.5,1.19515,,0.29480034850000003,0.0,0.0,True
,,0.1507945801130417,51.7225409787733,0.013993,210.49999999999997,98852.5,1.1562698078641087,6.397423486679165,0.2956006410747876,0.0,0.0,True
,,0.15102702748562508,51.8022704275694,0.013993,210.49999999999997,98852.5,1.2854127728787599,7.515164758121341,0.31139918186458554,0.0,0.0,True
,,0.1705204724095662,58.48852203648121,0.013993,285.74999999999994,97976.25,1.1743621856347866,7.899426734366966,0.28104210137727026,0.0,0.0,True
,,0.17189878817669169,58.96128434460525,0.013993,285.74999999999994,97976.25,1.195790733913841,8.858757308440385,0.30458107247713273,0.0,0.0,True
,,0.175,60.025,0.013993,285.74999999999994,97976.25,1.184575,,0.29394734825,0.0,0.0,True
,,0.19488173643455853,66.84443559705358,0.013993,361.0,97100.0,1.2049723966746688,11.29830261388277,0.2999333406058262,0.0,0.0,True
2.0,0%- 0 deg,0.2,68.6,0.013993,361.0,97100.0,1.174,11.32934,0.293094348,0.0,0.0,False
,,0.2007670424190037,68.86309554971827,0.013993,361.0,97100.0,1.162861935897659,11.302397182880435,0.2929466182708691,0.0,0.0,True
,,0.22007868409523063,75.48698864466411,0.013993,424.5,96325.0,1.1417699410670812,12.47134508458221,0.27397418977330984,0.0,0.0,True
,,0.22390200503632188,76.7983877274584,0.013993,424.5,96325.0,1.1275055684676418,13.40844755732624,0.288187247052075,0.0,0.0,True
,,0.225,77.175,0.013993,424.5,96325.0,1.164625,,0.29283845375,0.0,0.0,True
,,0.2389971606595676,81.97602610623169,0.013993,488.0,95550.0,1.2290443817851207,16.254156453529298,0.2812822376803824,0.0,0.0,True
,,0.2434235441637431,83.49427564816388,0.013993,488.0,95550.0,1.1519830955259922,15.572621092337787,0.2771541393505318,0.0,0.0,True
,,0.25,85.75,0.013993,488.0,95550.0,1.15525,,0.2925825595,0.0,0.0,True
,,0.2653345753121909,91.00975933208149,0.013993,551.5000000000001,94775.0,1.1332159817992153,19.393907481877477,0.295322039106122,0.0,0.0,True
,,0.2659515189777492,91.22137100936799,0.013993,551.5000000000001,94775.0,1.2090211986779555,22.370034406182594,0.3178035231873392,0.0,0.0,True
,,0.275,94.325,0.013993,551.5000000000001,94775.0,1.145875,,0.29232666525,0.0,0.0,True
,,0.29226636783405086,100.24736416707944,0.013993,615.0,94000.0,1.149072557983293,22.91848876181643,0.28366892358432166,0.0,0.0,True
3.0,0%- 0 deg,0.3,102.9,0.013993,615.0,94000.0,1.1365,24.5906,0.292070771,0.0,0.0,False
,,0.30059427627805096,103.10383676337148,0.013993,615.0,94000.0,1.1749332889515751,25.88097184149766,0.29616714542123773,0.0,0.0,True
,,0.325,111.47500000000001,0.013993,657.25,93525.0,1.13075,,0.29006345525,0.0,0.0,True
,,0.33257904136660205,114.0746111887445,0.013993,657.25,93525.0,1.1454983521610937,29.910080386860784,0.28679018135797196,0.0,0.0,True
,,0.34185480203295454,117.2561970973034,0.013993,657.25,93525.0,1.097273340757018,30.391545935687866,0.28792907106529264,0.0,0.0,True
,,0.34720293135490593,119.09060545473274,0.013993,699.5,93050.0,1.1328357337748862,31.840780680414287,0.2832571770556317,0.0,0.0,True
,,0.34859485887258157,119.56803659329547,0.013993,699.5,93050.0,1.0785972664675132,30.85554486355294,0.28599791722341195,0.0,0.0,True
,,0.35,120.05,0.013993,699.5,93050.0,1.125,,0.28805613950000003,0.0,0.0,True
,,0.375,128.625,0.013993,741.75,92575.0,1.11925,,0.28604882375,0.0,0.0,True
,,0.37895725959449106,129.98234004091043,0.013993,741.75,92575.0,1.1210348236832959,37.90617038103173,0.2860495479663359,0.0,0.0,True
,,0.3803048083786329,130.44454927387108,0.013993,741.75,92575.0,1.1532544653728454,39.45648368694933,0.28738263504067457,0.0,0.0,True
,,0.39182884546715263,134.39729399523335,0.013993,784.0,92100.0,1.154338993418406,41.243835239849126,0.28272472438648155,0.0,0.0,True
4.0,0%- 0 deg,0.4,137.2,0.013993,784.0,92100.0,1.1135,41.65442,0.284041508,0.0,0.0,False
,,0.41054140361568725,140.81570144018073,0.013993,784.0,92100.0,1.1118322249435042,43.57012706849277,0.2824662504645848,0.0,0.0,True
,,0.09690755883918654,33.239292681840986,0.014747,60.0,100605.0,1.2142217857456594,3.1531915738086016,0.31876828415985936,6.25,5.235,True
,,0.0970721235516553,33.29573837821777,0.014747,60.0,100605.0,1.1830740330605902,3.038758329761183,0.31421958787278403,6.25,5.235,True
,,0.1,34.300000000000004,0.014747,60.0,100605.0,1.2163,,0.3090411495,6.25,5.235,True
,,0.2,68.60000000000001,0.014747,361.0,97100.0,1.174,,0.3078972385,6.25,5.235,True
,,0.20006870775002392,68.6235667582582,0.014747,361.0,97100.0,1.1634598971291612,12.059985038392043,0.2985211403480836,6.25,5.235,True
,,0.21229253390517977,72.81633912947666,0.014747,361.0,97100.0,1.2368736311209805,15.396331127958435,0.3183908260740483,6.25,5.235,True
,,0.29024671055377743,99.55462171994566,0.014747,615.0,94000.0,1.1482493042274635,25.61488755733823,0.30525284846764544,6.25,5.235,True
,,0.3,102.89999999999999,0.014747,615.0,94000.0,1.1365,,0.301818635,6.25,5.235,True
,,0.30923253158596714,106.06675833398673,0.014747,615.0,94000.0,1.1378267457893052,27.765311254761233,0.2941671221779767,6.25,5.235,True
,,0.4,137.20000000000002,0.014747,784.0,92100.0,1.1135,,0.29272573199999996,6.25,5.235,True
,,0.4116279744433104,141.18839523405546,0.014747,784.0,92100.0,1.1014129840986975,46.693299894268534,0.28842485757639325,6.25,5.235,True
,,0.43814624415241044,150.2841617442768,0.014747,784.0,92100.0,1.1419371946276902,54.48654035004515,0.28651469618256964,6.25,5.235,True
,,0.09871501653351067,33.85925067099416,0.015501,60.0,100605.0,1.203450998876235,3.493630362783653,0.3267112849611414,12.5,10.47,True
5.0,12.5%-10.47 deg,0.1,34.3,0.015501,60.0,100605.0,1.2163,3.5665,0.32157595,12.5,10.47,False
,,0.10109633219309222,34.67604194223063,0.015501,60.0,100605.0,1.2313602002645259,3.737959270096674,0.3257322001996664,12.5,10.47,True
,,0.12229415737421434,41.94689597935552,0.015501,135.24999999999997,99728.75,1.2171731513096813,5.326909399588621,0.32091762358415554,12.5,10.47,True
,,0.125,42.875,0.015501,135.24999999999997,99728.75,1.205725,,0.32185699475,12.5,10.47,True
,,0.13284938115848974,45.56733773736198,0.015501,135.24999999999997,99728.75,1.2626360001936088,6.615709238588483,0.32558261710521447,12.5,10.47,True
,,0.14656624255637354,50.27222119683612,0.015501,210.49999999999997,98852.5,1.1552650428777704,7.550189755383523,0.3336494131701686,12.5,10.47,True
,,0.15,51.449999999999996,0.015501,210.49999999999997,98852.5,1.19515,,0.3221380395,12.5,10.47,True
,,0.1511823715131621,51.8555534290146,0.015501,210.49999999999997,98852.5,1.2123653016569045,7.713463634355438,0.3052781142125088,12.5,10.47,True
,,0.17252449476088777,59.175901702984504,0.015501,285.74999999999994,97976.25,1.1939467842205185,10.464253289075414,0.3229265731623865,12.5,10.47,True
,,0.175,60.025,0.015501,285.74999999999994,97976.25,1.184575,,0.32241908425,12.5,10.47,True
,,0.17986905202818043,61.69508484566589,0.015501,285.74999999999994,97976.25,1.2007238491642083,11.040294113461176,0.3116783629182395,12.5,10.47,True
,,0.1951173636305127,66.92525572526586,0.015501,361.0,97100.0,1.195694795263109,13.848248923350052,0.33362971413495374,12.5,10.47,True
6.0,12.5%-10.47 deg,0.2,68.6,0.015501,361.0,97100.0,1.174,13.818,0.322700129,12.5,10.47,False
,,0.21284988560522278,73.00751076259141,0.015501,361.0,97100.0,1.1596860631229338,15.222242722079622,0.3177411051574791,12.5,10.47,True
,,0.22302784449582597,76.49855066206831,0.015501,424.5,96325.0,1.1610092492741104,16.719116037389558,0.31749836819815663,12.5,10.47,True
,,0.225,77.175,0.015501,424.5,96325.0,1.164625,,0.3199167215,12.5,10.47,True
,,0.22602979695669168,77.52822035614524,0.015501,424.5,96325.0,1.2160370901714148,16.727649871416855,0.29528321289100873,12.5,10.47,True
,,0.24721064064009035,84.79324973955099,0.015501,488.0,95550.0,1.0943664148237486,19.530322470903737,0.32025386284181867,12.5,10.47,True
,,0.24822362301617737,85.14070269454884,0.015501,488.0,95550.0,1.1613674792437156,20.87637756122953,0.3199494006462066,12.5,10.47,True
,,0.25,85.75,0.015501,488.0,95550.0,1.15525,,0.317133314,12.5,10.47,True
,,0.27228966690923617,93.395355749868,0.015501,551.5000000000001,94775.0,1.1437668989567011,23.539203967588165,0.30442055004818674,12.5,10.47,True
,,0.275,94.325,0.015501,551.5000000000001,94775.0,1.145875,,0.3143499065,12.5,10.47,True
,,0.2892506392668545,99.2129692685311,0.015501,551.5000000000001,94775.0,1.0931465968792515,26.89488368343001,0.3224962341601432,12.5,10.47,True
,,0.2989744728811061,102.54824419821941,0.015501,615.0,94000.0,1.1078548649179627,27.437383365560102,0.3038600772240745,12.5,10.47,True
7.0,12.5%-10.47 deg,0.3,102.9,0.015501,615.0,94000.0,1.1365,29.059,0.311566499,12.5,10.47,False
,,0.30585533509042234,104.90837993601487,0.015501,615.0,94000.0,1.1618412509671816,31.381034594374487,0.31664335921378267,12.5,10.47,True
,,0.3217390523195302,110.35649494559887,0.015501,657.25,93525.0,1.1748507627636755,34.86830946120185,0.3144290556434575,12.5,10.47,True
,,0.325,111.47500000000001,0.015501,657.25,93525.0,1.13075,,0.30902736324999996,12.5,10.47,True
,,0.34189003815274693,117.2682830863922,0.015501,657.25,93525.0,1.1706907548038457,39.06730162011894,0.31309805720883416,12.5,10.47,True
,,0.3468860049878856,118.98189971084474,0.015501,699.5,93050.0,1.1272459212852481,37.1142734499904,0.30007566175741274,12.5,10.47,True
,,0.35,120.05,0.015501,699.5,93050.0,1.125,,0.3064882275,12.5,10.47,True
,,0.36831131252476174,126.33078019599328,0.015501,699.5,93050.0,1.1398160191074176,44.28458186760424,0.3141012863609246,12.5,10.47,True
,,0.3728551756030669,127.88932523185196,0.015501,741.75,92575.0,1.158577549280899,45.645572695782704,0.31079587016444327,12.5,10.47,True
,,0.375,128.625,0.015501,741.75,92575.0,1.11925,,0.30394909175,12.5,10.47,True
,,0.386132819264192,132.44355700761787,0.015501,741.75,92575.0,1.0796855100948606,45.663042950951784,0.3110829320302445,12.5,10.47,True
,,0.3920138835125356,134.4607620447997,0.015501,784.0,92100.0,1.1212553489970438,47.52264494028791,0.3024650639379679,12.5,10.47,True
8.0,12.5%-10.47 deg,0.4,137.2,0.015501,784.0,92100.0,1.1135,48.965,0.301409956,12.5,10.47,False
,,0.4026242631607482,138.10012226413662,0.015501,784.0,92100.0,1.1426100783273592,51.24800373374152,0.3034317737355392,12.5,10.47,True
,,0.09933539165280762,34.072039336913015,0.0160035,60.0,100605.0,1.2399260688792981,3.8742534282339993,0.3363651549411628,18.75,13.795000000000002,True
,,0.1,34.300000000000004,0.0160035,60.0,100605.0,1.2163,,0.33650292049999997,18.75,13.795000000000002,True
,,0.10210499094426871,35.02201189388417,0.0160035,60.0,100605.0,1.178531034696771,3.8908057111362804,0.33638092489149574,18.75,13.795000000000002,True
,,0.19447489761314524,66.70488988130882,0.0160035,361.0,97100.0,1.2041137806017501,14.693794484442407,0.34274104211502027,18.75,13.795000000000002,True
,,0.2,68.60000000000001,0.0160035,361.0,97100.0,1.174,,0.33628808,18.75,13.795000000000002,True
,,0.20265527374522432,69.51075889461194,0.0160035,361.0,97100.0,1.2180132107052817,16.13811290005186,0.3426981122516067,18.75,13.795000000000002,True
,,0.2888021470902521,99.05913645195648,0.0160035,615.0,94000.0,1.1256200605749134,29.37398553310214,0.3323510064808895,18.75,13.795000000000002,True
,,0.3,102.89999999999999,0.0160035,615.0,94000.0,1.1365,,0.33019911999999996,18.75,13.795000000000002,True
,,0.3115859800044456,106.87399114152484,0.0160035,615.0,94000.0,1.1740038061784135,35.2897222210139,0.3288892664192387,18.75,13.795000000000002,True
,,0.4,137.20000000000002,0.0160035,784.0,92100.0,1.1135,,0.320279655,18.75,13.795000000000002,True
,,0.4001678226623836,137.25756317319758,0.0160035,784.0,92100.0,1.1247435593442545,54.99740867143669,0.32436289293052845,18.75,13.795000000000002,True
,,0.41090321631870536,140.93980319731594,0.0160035,784.0,92100.0,1.1145384140594954,57.21252702958836,0.3229563209337345,18.75,13.795000000000002,True
9.0,25%- 17.12 deg,0.1,34.3,0.016506,60.0,100605.0,1.2163,4.1503,0.351429891,25.0,17.12,False
,,0.10189386467751561,34.94959558438786,0.016506,60.0,100605.0,1.1631298412892865,4.081107243556978,0.3480596303783915,25.0,17.12,True
,,0.10203674068921567,34.998602056400976,0.016506,60.0,100605.0,1.2187658926665799,4.367399064690449,0.3544780469630282,25.0,17.12,True
,,0.12474892560163174,42.78888148135969,0.016506,135.24999999999997,99728.75,1.1633314488312585,6.07477116973196,0.3455832951520606,25.0,17.12,True
,,0.125,42.875,0.016506,135.24999999999997,99728.75,1.205725,,0.351041426,25.0,17.12,True
,,0.1318274230911755,45.2168061202732,0.016506,135.24999999999997,99728.75,1.2321583994341943,6.954340528587221,0.33448588840778243,25.0,17.12,True
,,0.14543827185101818,49.88532724489924,0.016506,210.49999999999997,98852.5,1.196325385549032,8.3011351460345,0.3378552484415472,25.0,17.12,True
,,0.15,51.449999999999996,0.016506,210.49999999999997,98852.5,1.19515,,0.350652961,25.0,17.12,True
,,0.15680052794974522,53.78258108676261,0.016506,210.49999999999997,98852.5,1.2180084560228315,9.982052878332953,0.3433005002705759,25.0,17.12,True
,,0.17147651354366794,58.81644414547811,0.016506,285.74999999999994,97976.25,1.1956629585928842,12.371195196513735,0.36240443964148933,25.0,17.12,True
,,0.175,60.025,0.016506,285.74999999999994,97976.25,1.184575,,0.350264496,25.0,17.12,True
,,0.1781959977291783,61.12122722110816,0.016506,285.74999999999994,97976.25,1.103148871910572,12.021918184811065,0.35346276176828856,25.0,17.12,True
,,0.1971777640742432,67.63197307746542,0.016506,361.0,97100.0,1.1514987221848694,15.083216064120485,0.3469880606354121,25.0,17.12,True
10.0,25%- 17.12 deg,0.2,68.6,0.016506,361.0,97100.0,1.174,15.953,0.349876031,25.0,17.12,False
,,0.20896964786740638,71.67658921852039,0.016506,361.0,97100.0,1.1435054281052839,17.456400994310865,0.3600393526282303,25.0,17.12,True
,,0.21107314163156796,72.39808757962781,0.016506,424.5,96325.0,1.1439725852031044,17.607716370782203,0.35581264918562355,25.0,17.12,True
,,0.225,77.175,0.016506,424.5,96325.0,1.164625,,0.34961495849999996,25.0,17.12,True
,,0.22548622661931988,77.34177573042672,0.016506,424.5,96325.0,1.1790858092080652,21.33724273387659,0.3665664909233335,25.0,17.12,True
,,0.23813804200409547,81.68134840740474,0.016506,488.0,95550.0,1.2064027041329146,23.463265564851636,0.35321449042242314,25.0,17.12,True
,,0.25,85.75,0.016506,488.0,95550.0,1.15525,,0.349353886,25.0,17.12,True
,,0.25634937989382556,87.92783730358217,0.016506,488.0,95550.0,1.1354625200508086,25.928539389366343,0.35788263122126185,25.0,17.12,True
,,0.275,94.325,0.016506,551.5000000000001,94775.0,1.145875,,0.3490928135,25.0,17.12,True
,,0.2772303317240742,95.09000378135745,0.016506,551.5000000000001,94775.0,1.1161964273430027,28.94921009504268,0.3475477774382886,25.0,17.12,True
,,0.2838148903369096,97.34850738555998,0.016506,551.5000000000001,94775.0,1.1538804730397403,31.726009807826582,0.351547643513573,25.0,17.12,True
,,0.28485417205545777,97.70498101502201,0.016506,615.0,94000.0,1.125082094902635,31.071397426883458,0.3505349440516099,25.0,17.12,True
11.0,25%- 17.12 deg,0.3,102.9,0.016506,615.0,94000.0,1.1365,34.644,0.348831741,25.0,17.12,False
,,0.3052760009822335,104.70966833690609,0.016506,615.0,94000.0,1.1607492702380375,37.510696655002484,0.35713408191816975,25.0,17.12,True
,,0.31467927320071054,107.93499070784372,0.016506,657.25,93525.0,1.1265093811689841,39.187544424540164,0.36180692559260164,25.0,17.12,True
,,0.3235129053085895,110.9649265208462,0.016506,657.25,93525.0,1.1437556783635314,41.47089658507527,0.3568016520926327,25.0,17.12,True
,,0.325,111.47500000000001,0.016506,657.25,93525.0,1.13075,,0.34641114424999997,25.0,17.12,True
,,0.3421923235974681,117.37196699393155,0.016506,699.5,93050.0,1.0972490619164517,43.17379104182559,0.34607829003071955,25.0,17.12,True
,,0.35,120.05,0.016506,699.5,93050.0,1.125,,0.3439905475,25.0,17.12,True
,,0.35886604450009585,123.09105326353288,0.016506,699.5,93050.0,1.1253856293751723,50.33745450107156,0.3577050439333103,25.0,17.12,True
,,0.375,128.625,0.016506,741.75,92575.0,1.11925,,0.34156995075,25.0,17.12,True
,,0.3846389323038734,131.93115378022858,0.016506,741.75,92575.0,1.1475162132960013,57.24073425450475,0.347248037132011,25.0,17.12,True
,,0.3958152991330187,135.76464760262542,0.016506,784.0,92100.0,1.09805513836604,58.10819249514732,0.3478788129762784,25.0,17.12,True
,,0.39770434810142063,136.41259139878727,0.016506,784.0,92100.0,1.0708856983688966,53.8806249960333,0.32761874520422785,25.0,17.12,True
12.0,25%- 17.12 deg,0.4,137.2,0.016506,784.0,92100.0,1.1135,58.668,0.339149354,25.0,17.12,False
,,0.4011860973788935,137.60683140096046,0.016506,741.75,92575.0,1.1123611833921005,55.80798566038929,0.32103966043116944,25.0,17.12,True
,,0.09936792995691054,34.08319997522032,0.0169335,60.0,100605.0,1.1719333560703642,4.192232083986166,0.3637013725991391,31.25,20.19,True
,,0.1,34.300000000000004,0.0169335,60.0,100605.0,1.2163,,0.3816000715,31.25,20.19,True
,,0.102057247105824,35.00563575729763,0.0169335,60.0,100605.0,1.2034940985252482,4.618675547133425,0.3698970046429102,31.25,20.19,True
,,0.18929833322171494,64.92932829504822,0.0169335,361.0,97100.0,1.1769451343463997,15.744139287154344,0.37476942201708063,31.25,20.19,True
,,0.2,68.60000000000001,0.0169335,361.0,97100.0,1.174,,0.381128846,31.25,20.19,True
,,0.20444008541782602,70.12294929831432,0.0169335,361.0,97100.0,1.196431839300369,19.178491167515446,0.3850254090817568,31.25,20.19,True
,,0.2954643803273045,101.34428245226543,0.0169335,615.0,94000.0,1.1150860868753836,37.16401747122981,0.38326487366537826,31.25,20.19,True
,,0.2981812507914953,102.2761690214829,0.0169335,615.0,94000.0,1.1167967003850925,37.842699826197716,0.3825976955647698,31.25,20.19,True
,,0.3,102.89999999999999,0.0169335,615.0,94000.0,1.1365,,0.379716956,31.25,20.19,True
,,0.3767563968075351,129.22744410498453,0.0169335,784.0,92100.0,1.1472418282705572,58.850072234273384,0.3627987493287008,31.25,20.19,True
,,0.38269241037328716,131.2634967580375,0.0169335,784.0,92100.0,1.1227790586040982,61.382472832733626,0.37475324432494145,31.25,20.19,True
,,0.4,137.20000000000002,0.0169335,784.0,92100.0,1.12475,,0.3738114525,31.25,20.19,True
,,0.09724164314199515,33.35388359770434,0.017361,60.0,100605.0,1.2344408983897777,4.929632194904769,0.41352965243699186,37.5,23.26,True
13.0,37.5%-  23.26 deg,0.1,34.3,0.017361,60.0,100605.0,1.2163,5.1148,0.411770252,37.5,23.26,False
,,0.1020714560622033,35.010509429335734,0.017361,60.0,100605.0,1.200709978187826,5.285613223594863,0.41372870985639987,37.5,23.26,True
,,0.125,42.875,0.017361,135.24999999999997,99728.75,1.205725,,0.41192310425,37.5,23.26,True
,,0.12991081506822696,44.55940956840185,0.017361,135.24999999999997,99728.75,1.1477684684457017,7.842824161508745,0.39645563207418605,37.5,23.26,True
,,0.1310159538556893,44.93847217250143,0.017361,135.24999999999997,99728.75,1.1891692106082874,8.61478498219876,0.4132562576756495,37.5,23.26,True
,,0.14279424928296514,48.978427504057045,0.017361,210.49999999999997,98852.5,1.1666766403892834,10.143146602202847,0.417510866748106,37.5,23.26,True
,,0.15,51.449999999999996,0.017361,210.49999999999997,98852.5,1.19515,,0.4120759565,37.5,23.26,True
,,0.15235884529265745,52.259083935381504,0.017361,210.49999999999997,98852.5,1.2050556725627355,11.273131454027164,0.39461095091253456,37.5,23.26,True
,,0.16287195695767862,55.86508123648376,0.017361,285.74999999999994,97976.25,1.1865065769524141,13.063017098621193,0.4063944185796941,37.5,23.26,True
,,0.175,60.025,0.017361,285.74999999999994,97976.25,1.184575,,0.41222880875,37.5,23.26,True
,,0.1774117753015122,60.852238928418686,0.017361,285.74999999999994,97976.25,1.2095205015034316,16.09336416082114,0.4139384217757233,37.5,23.26,True
,,0.1960284443536001,67.23775641328483,0.017361,361.0,97100.0,1.1612132435239781,18.57719731472942,0.40765900979618985,37.5,23.26,True
14.0,37.5%-  23.26 deg,0.2,68.6,0.017361,361.0,97100.0,1.174,19.777,0.412381661,37.5,23.26,False
,,0.20375354236380402,69.88746503078478,0.017361,361.0,97100.0,1.1631048148710532,20.614478679949773,0.41803263293502785,37.5,23.26,True
,,0.2202434554756283,75.5435052281405,0.017361,424.5,96325.0,1.1583496017149961,23.777460235376527,0.41436856789931303,37.5,23.26,True
,,0.225,77.175,0.017361,424.5,96325.0,1.164625,,0.41193678850000004,37.5,23.26,True
,,0.23013089832628697,78.93489812591643,0.017361,424.5,96325.0,1.1726333588973628,26.541622065357814,0.41848738307567995,37.5,23.26,True
,,0.24800620906063464,85.06612970779769,0.017361,488.0,95550.0,1.1511762823358254,30.495559748074875,0.4217321273988291,37.5,23.26,True
,,0.25,85.75,0.017361,488.0,95550.0,1.15525,,0.411491916,37.5,23.26,True
,,0.2557476670112515,87.72144978485927,0.017361,551.5000000000001,94775.0,1.1225588120391155,31.514692824861147,0.4202886211634529,37.5,23.26,True
,,0.25615396356563064,87.86080950301131,0.017361,488.0,95550.0,1.141603915323627,31.970510098403842,0.41792559937853,37.5,23.26,True
,,0.25855725193880325,88.6851374150095,0.017361,551.5000000000001,94775.0,1.10130714313202,29.531993002822503,0.39276960573386765,37.5,23.26,True
,,0.275,94.325,0.017361,551.5000000000001,94775.0,1.145875,,0.4110470435,37.5,23.26,True
,,0.2892374431896987,99.20844301406665,0.017361,615.0,94000.0,1.1531033267323845,39.88156940741127,0.40482004240120845,37.5,23.26,True
15.0,37.5%-  23.26 deg,0.3,102.9,0.017361,615.0,94000.0,1.1365,42.891,0.410602171,37.5,23.26,False
,,0.30011244706854917,102.93856934451237,0.017361,615.0,94000.0,1.152891057335397,44.12550282576423,0.41610257110891236,37.5,23.26,True
,,0.32222238035276995,110.52227646100009,0.017361,657.25,93525.0,1.1431179111310001,51.3284008727228,0.42346967908911015,37.5,23.26,True
,,0.325,111.47500000000001,0.017361,657.25,93525.0,1.136375,,0.410070016,37.5,23.26,True
,,0.3344543666180673,114.71784774999709,0.017361,699.5,93050.0,1.105975737260854,51.18663840182916,0.40513921934091085,37.5,23.26,True
,,0.33794493978961004,115.91511434783625,0.017361,657.25,93525.0,1.1340180013827674,56.440366447598976,0.4267219656217929,37.5,23.26,True
,,0.35,120.05,0.017361,699.5,93050.0,1.13625,,0.409537861,37.5,23.26,True
,,0.3509673299135581,120.38179416035044,0.017361,699.5,93050.0,1.1077051880452815,56.04932514799361,0.4022349775354865,37.5,23.26,True
,,0.375,128.625,0.017361,741.75,92575.0,1.136125,,0.409005706,37.5,23.26,True
,,0.3794193090179241,130.14082299314796,0.017361,741.75,92575.0,1.1006593605137394,67.12669460043047,0.41483032053409113,37.5,23.26,True
,,0.3840403314680092,131.72583369352716,0.017361,741.75,92575.0,1.1947752887330034,70.5521130054279,0.39204610220449193,37.5,23.26,True
,,0.3990433814691232,136.87187984390926,0.017361,784.0,92100.0,1.0784956424907104,68.52986018008538,0.39074033589078855,37.5,23.26,True
16.0,37.5%-  23.26 deg,0.4,137.2,0.017361,784.0,92100.0,1.136,75.822,0.408473551,37.5,23.26,False
,,0.4079846213076735,139.938725108532,0.017361,784.0,92100.0,1.1326436146879186,77.64748409758678,0.4032863660604105,37.5,23.26,True
,,0.09551008393029005,32.759958788089484,0.017705500000000002,60.0,100605.0,1.1826247966216834,5.031127342138348,0.4477683941468501,43.75,26.16,True
,,0.09971146318923,34.20103187390589,0.017705500000000002,60.0,100605.0,1.2574602800858186,5.203451169995358,0.39961390278420855,43.75,26.16,True
,,0.1,34.300000000000004,0.017705500000000002,60.0,100605.0,1.2163,,0.428964575,43.75,26.16,True
,,0.1923209542541599,65.96608730917684,0.017705500000000002,361.0,97100.0,1.233233581331775,21.550697856466236,0.4536243359013484,43.75,26.16,True
,,0.2,68.60000000000001,0.017705500000000002,361.0,97100.0,1.174,,0.43125518949999997,43.75,26.16,True
,,0.2081553236017737,71.39727599540838,0.017705500000000002,361.0,97100.0,1.1829886165416639,23.95555830586952,0.4487291122743969,43.75,26.16,True
,,0.2897451389901758,99.3825826736303,0.017705500000000002,615.0,94000.0,1.1200920838818087,44.10041665662496,0.450287828002449,43.75,26.16,True
,,0.29638206677883716,101.65904890514115,0.017705500000000002,615.0,94000.0,1.144822739142217,45.58310952776711,0.4352065434172166,43.75,26.16,True
,,0.3,102.89999999999999,0.017705500000000002,615.0,94000.0,1.1365,,0.43166853600000005,43.75,26.16,True
,,0.3916779260251327,134.3455286266205,0.017705500000000002,784.0,92100.0,1.1527910924573614,76.0577069022638,0.4129219621612469,43.75,26.16,True
,,0.39511667501472936,135.52501953005216,0.017705500000000002,784.0,92100.0,1.1050148845020231,77.19597331737815,0.4296446045047864,43.75,26.16,True
,,0.4,137.20000000000002,0.017705500000000002,784.0,92100.0,1.12475,,0.430245924,43.75,26.16,True
,,0.09603190116293678,32.93894209888732,0.01805,60.0,100605.0,1.1799114605076495,5.216546562987948,0.45150978285331195,50.0,29.06,True
,,0.09728356283391981,33.368262052034495,0.01805,60.0,100605.0,1.2025012265656567,5.60138395312426,0.46354876596771943,50.0,29.06,True
17.0,50%- 29.06  deg,0.1,34.3,0.01805,60.0,100605.0,1.2163,5.7619,0.446158898,50.0,29.06,False
,,0.12273124732696726,42.09681783314977,0.01805,135.24999999999997,99728.75,1.1864128940526113,8.2123977717866,0.43280111585750414,50.0,29.06,True
,,0.12450842505992102,42.70638979555291,0.01805,135.24999999999997,99728.75,1.1394979321938996,8.620457203484776,0.45960403067297034,50.0,29.06,True
,,0.125,42.875,0.01805,135.24999999999997,99728.75,1.205725,,0.44715135300000003,50.0,29.06,True
,,0.147055725254906,50.44011376243276,0.01805,210.49999999999997,98852.5,1.210491797805896,12.385282519735672,0.44559954761230924,50.0,29.06,True
,,0.15,51.449999999999996,0.01805,210.49999999999997,98852.5,1.19515,,0.448143808,50.0,29.06,True
,,0.15147897901027116,51.95728980052301,0.01805,210.49999999999997,98852.5,1.2081265271116917,13.713381960610743,0.46589919830163934,50.0,29.06,True
,,0.17320037270796199,59.407727838830965,0.01805,285.74999999999994,97976.25,1.132091534548299,16.713964394572827,0.4635161116390691,50.0,29.06,True
,,0.17325968709648942,59.42807267409587,0.01805,285.74999999999994,97976.25,1.2241845503510573,17.726458104022203,0.4543019199180351,50.0,29.06,True
,,0.175,60.025,0.01805,285.74999999999994,97976.25,1.184575,,0.449136263,50.0,29.06,True
,,0.19786241617363143,67.86680874755558,0.01805,361.0,97100.0,1.1999752983214107,21.82395955330835,0.4375212741178506,50.0,29.06,True
,,0.1987673746527942,68.17720950590841,0.01805,361.0,97100.0,1.1405402232260493,21.317347185880195,0.44555046228555845,50.0,29.06,True
18.0,50%- 29.06  deg,0.2,68.6,0.01805,361.0,97100.0,1.174,22.444,0.450128718,50.0,29.06,False
,,0.22411482167112742,76.8713838331967,0.01805,424.5,96325.0,1.17681079376811,29.946872330713397,0.4771646024429989,50.0,29.06,True
,,0.225,77.175,0.01805,424.5,96325.0,1.164625,,0.45078026375,50.0,29.06,True
,,0.23901961857111284,81.9837291698917,0.01805,424.5,96325.0,1.1670490901351205,32.06554783059842,0.45294658648717223,50.0,29.06,True
,,0.2498060286403461,85.68346782363871,0.01805,488.0,95550.0,1.1661292738385902,34.008249496537225,0.4401455338584822,50.0,29.06,True
,,0.25,85.75,0.01805,488.0,95550.0,1.15525,,0.4514318095,50.0,29.06,True
,,0.2580718011809979,88.51862780508228,0.01805,488.0,95550.0,1.1259415027568658,36.30300066785102,0.455942566330057,50.0,29.06,True
,,0.261886068180201,89.82692138580894,0.01805,551.5000000000001,94775.0,1.0746136031585043,34.191903544958016,0.43692883248289843,50.0,29.06,True
,,0.2712159288992505,93.02706361244293,0.01805,551.5000000000001,94775.0,1.1357961727194654,42.43443457022498,0.4783570541641799,50.0,29.06,True
,,0.275,94.325,0.01805,551.5000000000001,94775.0,1.145875,,0.45208335525000004,50.0,29.06,True
19.0,50%- 29.06  deg,0.3,102.9,0.01805,615.0,94000.0,1.1365,49.169,0.452734901,50.0,29.06,False
,,0.3021396204209905,103.63388980439974,0.01805,615.0,94000.0,1.1162424572605179,46.85888928610139,0.4330944752135952,50.0,29.06,True
,,0.3075627732371166,105.494031220331,0.01805,615.0,94000.0,1.077607010171257,49.63989321162684,0.45863526335758387,50.0,29.06,True
,,0.32103098719558437,110.11362860808543,0.01805,657.25,93525.0,1.1211036677040849,55.828390754655466,0.4550718556479625,50.0,29.06,True
,,0.325,111.47500000000001,0.01805,657.25,93525.0,1.13075,,0.45255575000000003,50.0,29.06,True
,,0.33578343535659616,115.17371832731249,0.01805,657.25,93525.0,1.0981134641059012,60.114613792775266,0.4572764737844085,50.0,29.06,True
,,0.33800964862550475,115.93730947854813,0.01805,699.5,93050.0,1.1252139433547266,66.56095224884528,0.48763040317247247,50.0,29.06,True
,,0.35,120.05,0.01805,699.5,93050.0,1.125,,0.45237659900000005,50.0,29.06,True
,,0.35650129672824166,122.27994477778688,0.01805,699.5,93050.0,1.1135500261689144,70.14741917179504,0.46681444514657927,50.0,29.06,True
,,0.375,128.625,0.01805,741.75,92575.0,1.11925,,0.452197448,50.0,29.06,True
,,0.3775096471045344,129.4858089568553,0.01805,741.75,92575.0,1.1673737600955687,80.09775814776803,0.4534390037303129,50.0,29.06,True
,,0.3815337423224603,130.86607361660387,0.01805,741.75,92575.0,1.1173433622902795,77.694488019483,0.4498857118003308,50.0,29.06,True
20.0,50%- 29.06  deg,0.4,137.2,0.01805,784.0,92100.0,1.1135,85.507,0.452018297,50.0,29.06,False
,,0.4002622257462813,137.2899434309745,0.01805,784.0,92100.0,1.1670074238645751,89.08908961435154,0.4487725033067683,50.0,29.06,True
,,0.4008655540925664,137.49688505375028,0.01805,784.0,92100.0,1.0958122960537235,85.10323753990316,0.455173514144269,50.0,29.06,True
,,0.09664139237418844,33.14799758434663,0.0183735,60.0,100605.0,1.2326402747094949,5.725681632499576,0.4601658096864087,56.25,32.005,True
,,0.1,34.300000000000004,0.0183735,60.0,100605.0,1.2163,,0.459362738,56.25,32.005,True
,,0.1008477609487579,34.59078200542396,0.0183735,60.0,100605.0,1.2442986387871895,6.068035023185914,0.4436503147528873,56.25,32.005,True
,,0.2,68.60000000000001,0.0183735,361.0,97100.0,1.174,,0.46176986999999997,56.25,32.005,True
,,0.20007231908361098,68.62480544567856,0.0183735,361.0,97100.0,1.1811425200923398,22.822671282929658,0.4466219060223914,56.25,32.005,True
,,0.20238194782699306,69.41700810465862,0.0183735,361.0,97100.0,1.176126792399108,23.102599351855616,0.4437241050406237,56.25,32.005,True
,,0.2895412843853914,99.31266054418926,0.0183735,615.0,94000.0,1.0643326665623498,42.08559602305794,0.43640021823465364,56.25,32.005,True
,,0.3,102.89999999999999,0.0183735,615.0,94000.0,1.1365,,0.462217543,56.25,32.005,True
,,0.30026198951919003,102.98986240508218,0.0183735,615.0,94000.0,1.1375541245945249,51.054532761522765,0.46058668898125815,56.25,32.005,True
,,0.4,137.20000000000002,0.0183735,784.0,92100.0,1.1135,,0.4626844345,56.25,32.005,True
,,0.40075602842001645,137.45931774806564,0.0183735,784.0,92100.0,1.0502995354081155,79.39803334894674,0.43549814130950076,56.25,32.005,True
,,0.4033463714157669,138.34780539560805,0.0183735,784.0,92100.0,1.0798313360178253,89.75998300222751,0.4727378641311094,56.25,32.005,True
,,0.09692950752213439,33.2468210800921,0.018697,60.0,100605.0,1.2228415886439208,6.010799916655241,0.4756854704034766,62.5,34.95,True
21.0,62.5%- 34.95 deg,0.1,34.3,0.018697,60.0,100605.0,1.2163,6.3217,0.472566578,62.5,34.95,False
,,0.10407756272572129,35.6986040149224,0.018697,60.0,100605.0,1.246772374252177,7.094462111215859,0.47762593805628556,62.5,34.95,True
,,0.12207694101227967,41.872390767211925,0.018697,135.24999999999997,99728.75,1.2212897531808729,9.22219767216391,0.4607000554679759,62.5,34.95,True
,,0.125,42.875,0.018697,135.24999999999997,99728.75,1.205725,,0.472777689,62.5,34.95,True
,,0.12749594463617536,43.73110901020815,0.018697,135.24999999999997,99728.75,1.2449817302030661,10.638791038157136,0.47797632514978605,62.5,34.95,True
,,0.14871188069899938,51.00817507975679,0.018697,210.49999999999997,98852.5,1.2114267088633235,13.80794726003941,0.4686088330559431,62.5,34.95,True
,,0.15,51.449999999999996,0.018697,210.49999999999997,98852.5,1.19515,,0.4729888,62.5,34.95,True
,,0.15420996206459317,52.89401698815546,0.018697,210.49999999999997,98852.5,1.1294858505535088,13.83222202267202,0.46822664421047205,62.5,34.95,True
,,0.164548237025599,56.44004529978046,0.018697,285.74999999999994,97976.25,1.1314446495110082,16.596260216931537,0.4925612955729261,62.5,34.95,True
,,0.175,60.025,0.018697,285.74999999999994,97976.25,1.184575,,0.47319991100000003,62.5,34.95,True
,,0.17969972115535135,61.63700435628551,0.018697,285.74999999999994,97976.25,1.1590066510797001,18.600506805687,0.4518703759497277,62.5,34.95,True
,,0.19444054435156682,66.69310671258742,0.018697,361.0,97100.0,1.1602708987328538,21.896971656424697,0.45385887011736376,62.5,34.95,True
22.0,62.5%- 34.95 deg,0.2,68.6,0.018697,361.0,97100.0,1.174,24.451,0.473411022,62.5,34.95,False
,,0.20498943034456882,70.31137460818711,0.018697,424.5,96325.0,1.1456359463222188,26.86138453008737,0.5073277900716783,62.5,34.95,True
,,0.20877981734731738,71.61147735012986,0.018697,361.0,97100.0,1.132131765226749,25.201494598123514,0.4643250591916463,62.5,34.95,True
,,0.225,77.175,0.018697,424.5,96325.0,1.164625,,0.47298331275,62.5,34.95,True
,,0.2279354688323796,78.1818658095062,0.018697,424.5,96325.0,1.1450742437907884,31.37986196011211,0.4795825680955175,62.5,34.95,True
,,0.23829281235254166,81.73443463692179,0.018697,488.0,95550.0,1.1449455155573067,33.89096550140471,0.47396586261886825,62.5,34.95,True
,,0.24935424511134216,85.52850607319036,0.018697,488.0,95550.0,1.1826573631624742,38.61382581031162,0.47744152448632116,62.5,34.95,True
,,0.25,85.75,0.018697,488.0,95550.0,1.15525,,0.47255560350000003,62.5,34.95,True
,,0.275,94.325,0.018697,551.5000000000001,94775.0,1.145875,,0.47212789425,62.5,34.95,True
,,0.28051368964939094,96.2161955497411,0.018697,551.5000000000001,94775.0,1.1222113423329647,47.088552012905666,0.4848444051959423,62.5,34.95,True
,,0.2884387298178979,98.93448432753898,0.018697,551.5000000000001,94775.0,1.1125248975750832,46.782592960573396,0.45955471782997837,62.5,34.95,True
,,0.2908597882691321,99.76490737631232,0.018697,615.0,94000.0,1.1471892546288145,51.61589294495902,0.4835605187138758,62.5,34.95,True
23.0,62.5%- 34.95 deg,0.3,102.9,0.018697,615.0,94000.0,1.1365,53.065,0.471700185,62.5,34.95,False
,,0.3057163585213296,104.86071097281607,0.018697,615.0,94000.0,1.1289233171424173,52.32382564592801,0.45088679696351797,62.5,34.95,True
,,0.3206852768090512,109.99504994550456,0.018697,657.25,93525.0,1.180108783561043,63.26532643372599,0.47397506579198073,62.5,34.95,True
,,0.325,111.47500000000001,0.018697,657.25,93525.0,1.13075,,0.47211278175,62.5,34.95,True
,,0.3380238972791223,115.94219676673895,0.018697,657.25,93525.0,1.1242591336113368,69.51086014362217,0.49199564242466093,62.5,34.95,True
,,0.34011821799278796,116.66054877152627,0.018697,699.5,93050.0,1.109860957979043,67.6296953365263,0.4789375566370815,62.5,34.95,True
,,0.35,120.05,0.018697,699.5,93050.0,1.125,,0.4725253785,62.5,34.95,True
,,0.35271140264488826,120.98001110719667,0.018697,699.5,93050.0,1.1778092332313592,75.3234239999002,0.467397006546467,62.5,34.95,True
,,0.3573852104379692,122.58312718022344,0.018697,741.75,92575.0,1.1406546792337682,74.55637583788834,0.4652938127676927,62.5,34.95,True
,,0.375,128.625,0.018697,741.75,92575.0,1.11925,,0.47293797525000003,62.5,34.95,True
,,0.38791289243325255,133.05412210460563,0.018697,741.75,92575.0,1.0388567246122045,79.3939775425719,0.4617780704976387,62.5,34.95,True
,,0.3881255425596177,133.12706109794885,0.018697,784.0,92100.0,1.0422789939921706,82.39778730842494,0.47715221321494233,62.5,34.95,True
24.0,62.5%- 34.95 deg,0.4,137.2,0.018697,784.0,92100.0,1.1135,92.752,0.473350572,62.5,34.95,False
,,0.42396077070030147,145.4185443502034,0.018697,784.0,92100.0,1.2108375756769747,114.71396719568564,0.4792354002685017,62.5,34.95,True
,,0.1,34.300000000000004,0.0189835,60.0,100605.0,1.2163,,0.4868282505,68.75,38.005,True
,,0.10047435725471535,34.46270453836736,0.0189835,60.0,100605.0,1.2446799542603197,6.996286553802514,0.4986144834011412,68.75,38.005,True
,,0.10164621645659237,34.864652244611186,0.0189835,60.0,100605.0,1.2094520732120115,6.849995003371043,0.4908904972121237,68.75,38.005,True
,,0.19969281732910044,68.49463634388145,0.0189835,361.0,97100.0,1.1711919247609632,27.22298706570578,0.5219732994762905,68.75,38.005,True
,,0.2,68.60000000000001,0.0189835,361.0,97100.0,1.174,,0.495265214,68.75,38.005,True
,,0.2053652799710805,70.44029103008062,0.0189835,361.0,97100.0,1.1744031083648014,27.597704738893444,0.49896168500687355,68.75,38.005,True
,,0.3,102.89999999999999,0.0189835,615.0,94000.0,1.1365,,0.4945719695,68.75,38.005,True
,,0.3109277084603565,106.64820400190227,0.0189835,615.0,94000.0,1.0453697100033554,56.47821398665999,0.5004465033820705,68.75,38.005,True
,,0.31405294381623217,107.72015972896763,0.0189835,615.0,94000.0,1.0980483148210172,59.13088414997277,0.48893671986305437,68.75,38.005,True
,,0.3996642105216375,137.08482420892165,0.0189835,784.0,92100.0,1.1210348264388375,100.49157169122945,0.5025571822269016,68.75,38.005,True
,,0.39985216848484834,137.14929379030298,0.0189835,784.0,92100.0,1.1061185867493468,96.20475934089538,0.4871485622522956,68.75,38.005,True
,,0.4,137.20000000000002,0.0189835,784.0,92100.0,1.1135,,0.488664695,68.75,38.005,True
,,0.09756117671406901,33.46348361292567,0.01927,60.0,100605.0,1.2011440289333033,6.37464107103228,0.4918884568627172,75.0,41.06,True
,,0.09957762734075083,34.155126177877534,0.01927,60.0,100605.0,1.25519655264121,7.1028438750046154,0.5034507866370534,75.0,41.06,True
25.0,75%- 41.06 deg,0.1,34.3,0.01927,60.0,100605.0,1.2163,6.9087,0.501089923,75.0,41.06,False
,,0.11867574443287211,40.70578034047514,0.01927,135.24999999999997,99728.75,1.1758388343000497,9.5521602356278,0.5088501550421284,75.0,41.06,True
,,0.12432790015456341,42.64446975301525,0.01927,135.24999999999997,99728.75,1.1965598899204046,10.539200757934164,0.5026851783177997,75.0,41.06,True
,,0.125,42.875,0.01927,135.24999999999997,99728.75,1.205725,,0.50509729375,75.0,41.06,True
,,0.15,51.449999999999996,0.01927,210.49999999999997,98852.5,1.19515,,0.5091046644999999,75.0,41.06,True
,,0.15091524708278975,51.76392974939689,0.01927,210.49999999999997,98852.5,1.1589894444841506,15.556285126955963,0.5199004779784556,75.0,41.06,True
,,0.15298199686673464,52.472824925289984,0.01927,210.49999999999997,98852.5,1.2089553427356907,16.600801678172395,0.5176046776496472,75.0,41.06,True
,,0.17338781310374346,59.47201989458401,0.01927,285.74999999999994,97976.25,1.1577967019949447,19.618228070352487,0.49722204325561614,75.0,41.06,True
,,0.175,60.025,0.01927,285.74999999999994,97976.25,1.184575,,0.5131120352499999,75.0,41.06,True
,,0.17655619450424548,60.5587747149562,0.01927,285.74999999999994,97976.25,1.2568959087274794,22.729044103815255,0.511771363228985,75.0,41.06,True
,,0.19708215254556,67.59917832312708,0.01927,361.0,97100.0,1.1721057785601787,28.10193320710122,0.5445463320028017,75.0,41.06,True
,,0.19904819097776785,68.27352950537437,0.01927,361.0,97100.0,1.1375242748254748,25.091209101868223,0.4911390745118845,75.0,41.06,True
26.0,75%- 41.06 deg,0.2,68.6,0.01927,361.0,97100.0,1.174,27.527,0.517119406,75.0,41.06,False
,,0.21659981543369272,74.2937366937566,0.01927,424.5,96325.0,1.1335715328723532,31.113016839902155,0.5161038151529236,75.0,41.06,True
,,0.225,77.175,0.01927,424.5,96325.0,1.164625,,0.5172004929999999,75.0,41.06,True
,,0.22725649211735957,77.94897679625433,0.01927,424.5,96325.0,1.1664118395982392,34.50587598569079,0.5053224363131338,75.0,41.06,True
,,0.24510312891501462,84.07037321785002,0.01927,488.0,95550.0,1.1742571406661588,41.59777395329083,0.5201986382299923,75.0,41.06,True
,,0.25,85.75,0.01927,488.0,95550.0,1.15525,,0.51728158,75.0,41.06,True
,,0.2567513842301497,88.06572479094135,0.01927,488.0,95550.0,1.1808761946902702,45.42677434026662,0.5148040861387724,75.0,41.06,True
,,0.2630529501098259,90.22716188767028,0.01927,551.5000000000001,94775.0,1.143538093725216,46.77057486424698,0.5214296933975293,75.0,41.06,True
,,0.267577518011476,91.77908867793627,0.01927,551.5000000000001,94775.0,1.1524011039330282,46.27615147974413,0.4947825417704639,75.0,41.06,True
,,0.275,94.325,0.01927,551.5000000000001,94775.0,1.145875,,0.517362667,75.0,41.06,True
,,0.28933550610224684,99.24207859307066,0.01927,615.0,94000.0,1.1035943439916873,53.010619971713204,0.5061858430800392,75.0,41.06,True
27.0,75%- 41.06 deg,0.3,102.9,0.01927,615.0,94000.0,1.1365,59.995,0.517443754,75.0,41.06,False
,,0.30117247069325603,103.30215744778681,0.01927,615.0,94000.0,1.1700065036283311,61.315104824431515,0.5096930323340867,75.0,41.06,True
,,0.325,111.47500000000001,0.01927,657.25,93525.0,1.13075,,0.51407752,75.0,41.06,True
,,0.328543679793931,112.69048216931833,0.01927,657.25,93525.0,1.0489994221151537,63.69372773453326,0.4962439498765898,75.0,41.06,True
,,0.33802781447511865,115.9435403649657,0.01927,657.25,93525.0,1.1730835833681785,77.51752048141466,0.5101831154507356,75.0,41.06,True
,,0.34691532133840264,118.99195521907211,0.01927,699.5,93050.0,1.0888155105268436,77.48650796278262,0.5216567963907455,75.0,41.06,True
,,0.35,120.05,0.01927,699.5,93050.0,1.125,,0.510711286,75.0,41.06,True
,,0.37097161357285396,127.24326345548891,0.01927,699.5,93050.0,1.085289253219261,84.29303623782911,0.49788022563765144,75.0,41.06,True
,,0.375,128.625,0.01927,741.75,92575.0,1.11925,,0.507345052,75.0,41.06,True
,,0.3776487941434868,129.53353639121596,0.01927,741.75,92575.0,1.173347252476246,92.70874127933881,0.4887400852252294,75.0,41.06,True
,,0.37780165637595314,129.58596813695192,0.01927,741.75,92575.0,1.1804046621631772,92.09372230993166,0.48220469707226543,75.0,41.06,True
,,0.38916487386295556,133.48355173499377,0.01927,784.0,92100.0,1.144619196495064,100.17682392917469,0.5097990319865797,75.0,41.06,True
28.0,75%- 41.06 deg,0.4,137.2,0.01927,784.0,92100.0,1.1135,101.78,0.503978818,75.0,41.06,False
,,0.42554163678922197,145.96078141870314,0.01927,784.0,92100.0,1.0860615779805094,115.18083136238235,0.5166562419341442,75.0,41.06,True
,,0.0951403840168247,32.63315171777087,0.019522499999999998,60.0,100605.0,1.1342994176841674,6.290712798616323,0.5335175043121517,81.25,44.38,True
,,0.1,34.300000000000004,0.019522499999999998,60.0,100605.0,1.2163,,0.5179518285,81.25,44.38,True
,,0.1035631752797858,35.52216912096653,0.019522499999999998,60.0,100605.0,1.1790584866409777,7.102240549002832,0.4890526740141195,81.25,44.38,True
,,0.19909368873435843,68.28913523588494,0.019522499999999998,361.0,97100.0,1.1477224194006985,26.340297897050522,0.5041678582144719,81.25,44.38,True
,,0.2,68.60000000000001,0.019522499999999998,361.0,97100.0,1.174,,0.5238159135,81.25,44.38,True
,,0.2002652742686252,68.69098907413844,0.019522499999999998,361.0,97100.0,1.1668533694555008,27.23724166543221,0.5068061357640843,81.25,44.38,True
,,0.2932239727449424,100.57582265151524,0.019522499999999998,615.0,94000.0,1.1060072715589868,56.698719943883965,0.5191856125530622,81.25,44.38,True
,,0.3,102.89999999999999,0.019522499999999998,615.0,94000.0,1.1365,,0.5243175594999999,81.25,44.38,True
,,0.3128473675531605,107.30664707073406,0.019522499999999998,615.0,94000.0,1.199145698700747,69.9561565533734,0.5190333944615988,81.25,44.38,True
,,0.38666674118898936,132.62669222782336,0.019522499999999998,784.0,92100.0,1.0743502889391487,92.4793140430448,0.5013388753495619,81.25,44.38,True
,,0.4,137.20000000000002,0.019522499999999998,784.0,92100.0,1.1135,,0.5183402895,81.25,44.38,True
,,0.40346700000602453,138.3891810020664,0.019522499999999998,784.0,92100.0,1.1550874671836844,110.4798370416672,0.511632871221305,81.25,44.38,True
,,0.09953008630702573,34.13881960330983,0.019775,60.0,100605.0,1.2148126161838442,7.3397170432923104,0.5243080504289046,87.5,47.7,True
29.0,87.5%-47.7 deg,0.1,34.3,0.019775,60.0,100605.0,1.2163,7.5669,0.534813734,87.5,47.7,False
,,0.10133821660444624,34.75900829532506,0.019775,60.0,100605.0,1.1996981077858453,7.382893440807169,0.5151496101520314,87.5,47.7,True
,,0.12019599047432813,41.22722473269455,0.019775,135.24999999999997,99728.75,1.19040240773275,10.510920847562677,0.5254026648641189,87.5,47.7,True
,,0.125,42.875,0.019775,135.24999999999997,99728.75,1.205725,,0.53373840575,87.5,47.7,True
,,0.12804725482907617,43.92020840637313,0.019775,135.24999999999997,99728.75,1.2144662549704295,11.704827643725316,0.5053174431505962,87.5,47.7,True
,,0.14717585608603384,50.48131863750961,0.019775,210.49999999999997,98852.5,1.172324477332011,15.989762149361251,0.5413103023743102,87.5,47.7,True
,,0.15,51.449999999999996,0.019775,210.49999999999997,98852.5,1.19515,,0.5326630775,87.5,47.7,True
,,0.15231934681305365,52.2455359568774,0.019775,210.49999999999997,98852.5,1.1744426319633068,17.529288082322736,0.5530286068006169,87.5,47.7,True
,,0.175,60.025,0.019775,285.74999999999994,97976.25,1.184575,,0.53158774925,87.5,47.7,True
,,0.17782468080962333,60.9938655177008,0.019775,285.74999999999994,97976.25,1.147818536190634,22.602767407936863,0.5353398462083448,87.5,47.7,True
,,0.1790053640322689,61.39883986306823,0.019775,285.74999999999994,97976.25,1.2004992191210417,22.58434890786596,0.5047064627272871,87.5,47.7,True
,,0.19233237455408228,65.97000447205022,0.019775,361.0,97100.0,1.180078546462173,28.21546815641174,0.5556442467625469,87.5,47.7,True
30.0,87.5%-47.7 deg,0.2,68.6,0.019775,361.0,97100.0,1.174,28.98,0.530512421,87.5,47.7,False
,,0.20095994968144062,68.92926274073413,0.019775,361.0,97100.0,1.1698215581544098,29.404719866564758,0.5350614505191689,87.5,47.7,True
,,0.21538979256105634,73.87869884844233,0.019775,424.5,96325.0,1.1802189379324701,32.9825140352652,0.5178407276088498,87.5,47.7,True
,,0.2163422161107415,74.20538012598433,0.019775,424.5,96325.0,1.1895649832935244,34.61919234331959,0.5345292500797195,87.5,47.7,True
,,0.225,77.175,0.019775,424.5,96325.0,1.164625,,0.530682157,87.5,47.7,True
,,0.24539517398955327,84.17054467841677,0.019775,488.0,95550.0,1.2055442309599476,44.236811651406036,0.5238342578356401,87.5,47.7,True
,,0.25,85.75,0.019775,488.0,95550.0,1.15525,,0.530851893,87.5,47.7,True
,,0.250240807554782,85.83259699129023,0.019775,488.0,95550.0,1.1645698678129213,44.19574003228228,0.5209833679752064,87.5,47.7,True
,,0.275,94.325,0.019775,551.5000000000001,94775.0,1.145875,,0.5310216289999999,87.5,47.7,True
,,0.27888687442054944,95.65819792624845,0.019775,551.5000000000001,94775.0,1.1275369087507787,53.50289799045948,0.5244639634273376,87.5,47.7,True
,,0.28624180177837755,98.1809380099835,0.019775,551.5000000000001,94775.0,1.1101035537123194,52.117678355115494,0.4925844727475198,87.5,47.7,True
31.0,87.5%-47.7 deg,0.3,102.9,0.019775,615.0,94000.0,1.1365,63.203,0.531191365,87.5,47.7,False
,,0.3061158291039532,104.99772938265595,0.019775,657.25,93525.0,1.120217607317493,64.35215100847911,0.5270045468924052,87.5,47.7,True
,,0.309956598390539,106.31511324795488,0.019775,615.0,94000.0,1.1511184507693488,71.48408955444107,0.5556647746508584,87.5,47.7,True
,,0.31175401567536143,106.93162737664896,0.019775,615.0,94000.0,1.1439798463840007,67.85487451306096,0.5246429351001327,87.5,47.7,True
,,0.325,111.47500000000001,0.019775,657.25,93525.0,1.13075,,0.531568964,87.5,47.7,True
,,0.34070663570136595,116.86237604556852,0.019775,657.25,93525.0,1.217229577472311,86.30888115541622,0.5251061070927217,87.5,47.7,True
,,0.34800579966926626,119.36598928655833,0.019775,699.5,93050.0,1.0874231535851377,82.90875551013103,0.5411954297336614,87.5,47.7,True
,,0.35,120.05,0.019775,699.5,93050.0,1.125,,0.531946563,87.5,47.7,True
,,0.3555073274405039,121.93901331209284,0.019775,699.5,93050.0,1.0745638103310984,85.80005346012364,0.5431046219485779,87.5,47.7,True
,,0.3734024638379153,128.07704509640496,0.019775,741.75,92575.0,1.139908784092887,93.30830316498597,0.5046858126370353,87.5,47.7,True
,,0.375,128.625,0.019775,741.75,92575.0,1.11925,,0.532324162,87.5,47.7,True
,,0.39809270604689123,136.5457981740837,0.019775,741.75,92575.0,1.1250239980624053,109.28581622599465,0.5269371719734111,87.5,47.7,True
32.0,87.5%-47.7 deg,0.4,137.2,0.019775,784.0,92100.0,1.1135,110.4,0.532701761,87.5,47.7,False
,,0.40219881324666285,137.95419294360536,0.019775,784.0,92100.0,1.0725966119953767,103.10392271632827,0.5108371365570045,87.5,47.7,True
,,0.419811135186775,143.99521936906382,0.019775,784.0,92100.0,1.171079053402766,127.20604279127079,0.5298328549685307,87.5,47.7,True
,,0.1,34.300000000000004,0.020005000000000002,60.0,100605.0,1.2163,,0.545798531,93.75,51.7,True
,,0.10029710446302162,34.401906830816415,0.020005000000000002,60.0,100605.0,1.2502653560413044,8.51371338459335,0.5752322644903489,93.75,51.7,True
,,0.10154889271630436,34.8312702016924,0.020005000000000002,60.0,100605.0,1.2027364294582845,7.752732986139575,0.531174449562436,93.75,51.7,True
,,0.19926389217502924,68.34751501603503,0.020005000000000002,361.0,97100.0,1.209068602811395,31.66284434078085,0.5604604409418567,93.75,51.7,True
,,0.2,68.60000000000001,0.020005000000000002,361.0,97100.0,1.174,,0.5431993515,93.75,51.7,True
,,0.2030673308872852,69.65209449433883,0.020005000000000002,361.0,97100.0,1.1877803413228485,29.63101076949818,0.5140832006551405,93.75,51.7,True
,,0.29916031215311856,102.61198706851967,0.020005000000000002,615.0,94000.0,1.1409684165790432,65.83544689943317,0.5478749066065526,93.75,51.7,True
,,0.3,102.89999999999999,0.020005000000000002,615.0,94000.0,1.1365,,0.541933026,93.75,51.7,True
,,0.3171455419265802,108.780920880817,0.020005000000000002,615.0,94000.0,1.1377129799827908,76.81749596318147,0.570444518543075,93.75,51.7,True
,,0.36997960187008416,126.90300344143887,0.020005000000000002,784.0,92100.0,1.0565781184245004,89.86052168357362,0.5279769486010675,93.75,51.7,True
,,0.3933072533500575,134.90438789906972,0.020005000000000002,784.0,92100.0,1.0998577779065557,108.54404470781627,0.5421366387747976,93.75,51.7,True
,,0.4,137.20000000000002,0.020005000000000002,784.0,92100.0,1.1135,,0.541509877,93.75,51.7,True
,,0.09731581894313251,33.379325897494454,0.020235,60.0,100605.0,1.2397743514114083,7.689273133890925,0.5501920413934517,100.0,55.7,True
,,0.09885043803659202,33.90570024655106,0.020235,60.0,100605.0,1.2696266407796257,7.948998823183894,0.5382917906271139,100.0,55.7,True
33.0,100%-  55.7 deg,0.1,34.3,0.020235,60.0,100605.0,1.2163,8.06099,0.556783328,100.0,55.7,False
,,0.1243468522482314,42.65097032114337,0.020235,135.24999999999997,99728.75,1.2660554136975124,12.53923646855657,0.5381301597275316,100.0,55.7,True
,,0.125,42.875,0.020235,135.24999999999997,99728.75,1.205725,,0.5565590665,100.0,55.7,True
,,0.1256164651361649,43.08644754170456,0.020235,135.24999999999997,99728.75,1.1916012356360186,13.147046092372776,0.5874117794279851,100.0,55.7,True
,,0.15,51.449999999999996,0.020235,210.49999999999997,98852.5,1.19515,,0.556334805,100.0,55.7,True
,,0.15079828251586622,51.72381090294211,0.020235,210.49999999999997,98852.5,1.2386242566351786,18.47101681685245,0.5509307071600529,100.0,55.7,True
,,0.15264266625061254,52.356434523960104,0.020235,210.49999999999997,98852.5,1.2066019367581025,18.131790828636525,0.5418303680647008,100.0,55.7,True
,,0.16611719609185874,56.97819825950754,0.020235,285.74999999999994,97976.25,1.1839508654447644,21.04097394041244,0.5410551335686395,100.0,55.7,True
,,0.1732027100720146,59.40852955470101,0.020235,285.74999999999994,97976.25,1.1816755950317575,22.26480114885058,0.5276546080738889,100.0,55.7,True
,,0.175,60.025,0.020235,285.74999999999994,97976.25,1.184575,,0.5561105435,100.0,55.7,True
,,0.19996926879967955,68.58945919829009,0.020235,361.0,97100.0,1.1682435411139667,31.22363036754237,0.56151587382489,100.0,55.7,True
34.0,100%-  55.7 deg,0.2,68.6,0.020235,361.0,97100.0,1.174,31.07245,0.555886282,100.0,55.7,False
,,0.20768797569271116,71.23697566259993,0.020235,424.5,96325.0,1.1920464695840427,34.25072848980519,0.5596190210075781,100.0,55.7,True
,,0.20844489116788228,71.49659767058363,0.020235,361.0,97100.0,1.1771904004210794,34.49740249166264,0.5666249842489072,100.0,55.7,True
,,0.21409430620958544,73.4343470298878,0.020235,424.5,96325.0,1.1814678126497176,35.21984415859142,0.5463788093792632,100.0,55.7,True
,,0.225,77.175,0.020235,424.5,96325.0,1.164625,,0.5550833832500001,100.0,55.7,True
,,0.24464593881972638,83.91355701516615,0.020235,488.0,95550.0,1.1096119569602492,44.91521771173196,0.5681786446715411,100.0,55.7,True
,,0.25,85.75,0.020235,488.0,95550.0,1.15525,,0.5542804845,100.0,55.7,True
,,0.2526201296692032,86.64870447653671,0.020235,488.0,95550.0,1.2378250386121235,52.77479579246223,0.561267554702479,100.0,55.7,True
,,0.275,94.325,0.020235,551.5000000000001,94775.0,1.145875,,0.55347758575,100.0,55.7,True
,,0.27819855091541157,95.42210296398618,0.020235,551.5000000000001,94775.0,1.1401366437426055,59.55818762263263,0.5670395998023147,100.0,55.7,True
,,0.2801569529102973,96.09383484823196,0.020235,551.5000000000001,94775.0,1.1889046118256892,60.51533037989988,0.5448213692378947,100.0,55.7,True
,,0.2815484510907208,96.57111872411724,0.020235,615.0,94000.0,1.1348389460861927,57.68247512880383,0.5386937262289089,100.0,55.7,True
,,0.28903068245618735,99.13752408247227,0.020235,615.0,94000.0,1.1065593950495645,60.203043892635435,0.5471348399597394,100.0,55.7,True
35.0,100%-  55.7 deg,0.3,102.9,0.020235,615.0,94000.0,1.1365,67.28883,0.552674687,100.0,55.7,False
,,0.3207547771387964,110.01888855860717,0.020235,657.25,93525.0,1.1144976226847383,77.13937653726946,0.5651832187294136,100.0,55.7,True
,,0.325,111.47500000000001,0.020235,657.25,93525.0,1.13075,,0.5520855135,100.0,55.7,True
,,0.3263563384485,111.9402240878355,0.020235,699.5,93050.0,1.0970987046665548,74.90630529159712,0.5385513476639214,100.0,55.7,True
,,0.33960915079289317,116.48593872196236,0.020235,657.25,93525.0,1.1151849833711427,83.4456330389991,0.5450501708511012,100.0,55.7,True
,,0.34889599486065587,119.67132623720497,0.020235,741.75,92575.0,1.0868934301342066,84.37788854693859,0.5357821846194252,100.0,55.7,True
,,0.35,120.05,0.020235,699.5,93050.0,1.125,,0.55149634,100.0,55.7,True
,,0.35329781085063294,121.18114912176709,0.020235,699.5,93050.0,1.1167055493745646,94.1141589284103,0.5672479631557085,100.0,55.7,True
,,0.37273757263666313,127.84898741437546,0.020235,741.75,92575.0,1.1566206122272227,104.6001961365891,0.5468569964309565,100.0,55.7,True
,,0.375,128.625,0.020235,741.75,92575.0,1.11925,,0.5509071664999999,100.0,55.7,True
,,0.394189966799997,135.20715861239898,0.020235,784.0,92100.0,1.1025540802828386,115.60012582210659,0.5668730632166001,100.0,55.7,True
36.0,100%-  55.7 deg,0.4,137.2,0.020235,784.0,92100.0,1.1135,116.7039,0.550317993,100.0,55.7,False
,,0.4109908305082722,140.96985486433735,0.020235,784.0,92100.0,1.0691918512639098,118.41152665673206,0.5508237048458147,100.0,55.7,True
